bse_code,nse_symbol
533022,20MICRONS
526921,21STCENMGM
542772,360ONE
532067,3BBLACKBIO
532628,3IINFOLTD
523395,3MINDIA
516092,3PLAND
540776,5PAISA
526881,63MOONS
533292,A2ZINFRA
543671,AAATECH
544176,AADHARHFC
524412,AAREYDRUGS
539562,AARNAV
542580,AARTECH
524348,AARTIDRUGS
524208,AARTIIND
543748,AARTIPHARM
543210,AARTISURF
544850,AARVI
544808,AASTHA
541988,AAVAS
523204,ABAN
512165,ABANSENT
500002,ABB
500488,ABBOTINDIA
540691,ABCAPITAL
544522,ABCOTS
544203,ABDL
535755,ABFRL
544281,ABINFRA
544403,ABLBL
531161,ABMKNO
500040,ABREL
543374,ABSLAMC
500410,ACC
532268,ACCELYA
544598,ACCURACY
532762,ACE
505036,ACGL
543657,ACI
532141,ACL
544283,ACMESOLAR
530745,ACSTECH
543349,ACUTAAS
539254,ADANIENSOL
512599,ADANIENT
541450,ADANIGREEN
532921,ADANIPORTS
533096,ADANIPOWER
507852,ADDIND
519183,ADFFOODS
543231,ADL
517041,ADOR
532172,ADROITINFO
532875,ADSL
543230,ADVAIT
544562,ADVANCE
523269,ADVANIHOTR
544446,ADVENTHTL
540025,ADVENZYMES
539773,ADVIKCA
500003,AEGISLOG
544407,AEGISVOPAK
542670,AEPL
544634,AEQUS
511076,AEROENTER
543972,AEROFLEX
543743,AERONEU
544743,AEROPLANE
543534,AETHER
544280,AFCONS
542752,AFFLE
541402,AFFORDABLE
544200,AFIL
543712,AFSL
531921,AGARIND
544350,AGARWALEYE
500187,AGI
539042,AGIIL
544602,AGL
537292,AGRITECH
543451,AGSTRA
544497,AHCL
533227,AHLEAST
532811,AHLUCONT
533221,AHLWEST
532683,AIAENG
539177,AIIL
543811,AIRAN
532331,AJANTPHARM
544356,AJAXENGG
513349,AJMERA
530499,AKCAPIT
542020,AKI
541303,AKSHAR
524598,AKSHARCHEM
532351,AKSHOPTFBR
544222,AKUMS
531082,ALANKIT
524075,ALBERTDAVD
506235,ALEMBICLTD
505216,ALFREDHE
505725,ALGOQUANT
531147,ALICON
543322,ALIVUS
533029,ALKALI
539523,ALKEM
506767,ALKYLAMINE
532749,ALLCARGO
532633,ALLDIGI
544479,ALLTIME
531400,ALMONDZ
521070,ALOKINDS
532878,ALPA
526397,ALPHAGEO
544825,ALPINETEX
524634,ALUFLUOR
544679,AMAGI
506597,AMAL
544502,AMANTA
521097,AMARJOTHI
500009,AMBALALSA
540902,AMBER
532335,AMBICAAGAR
531978,AMBIKCO
500425,AMBUJACEM
532828,AMDIND
500343,AMJLAND
506248,AMNPLST
590006,AMRUTANJAN
543415,ANANDRATHI
515055,ANANTRAJ
502330,ANDHRAPAP
590062,ANDHRSUGAR
526173,ANDREWYU
543235,ANGELONE
519383,ANIKINDS
532870,ANKITMETAL
542437,ANMOL
544893,ANNU
500013,ANSALAPI
523007,ANSALBU
530075,ANTELOPUS
544449,ANTHEM
506260,ANUHPHR
542460,ANUP
543275,ANURAS
532259,APARINDS
518091,APCL
523694,APCOTEXIND
540692,APEX
533758,APLAPOLLO
533573,APLLTD
540879,APOLLO
508869,APOLLOHOSP
531761,APOLLOPIPE
500877,APOLLOTYRE
539545,APOORVA
532475,APTECHT
543335,APTUS
530943,AQYLON
532994,ARCHIDPLY
532212,ARCHIES
544921,ARCIL
543993,ARCL
544860,ARDEE
500008,ARE&M
526662,ARENTERP
539151,ARFIN
532935,ARIES
531381,ARIHANT
511605,ARIHANTCAP
506194,ARIHANTSUP
544419,ARIS
544261,ARKADE
531179,ARMANFIN
513729,AROGRANITE
516064,ARROWGREEN
506074,ARSHIYA
544530,ARSSBL
542919,ARTEMISMED
500101,ARVIND
542484,ARVINDFASN
539301,ARVSMART
530245,ARYAMAN
515030,ASAHIINDIA
532853,ASAHISONG
520119,ASAL
507526,ASALCBR
527001,ASHAPURMIN
523716,ASHIANA
543766,ASHIKAG
514286,ASHIMASYN
533271,ASHOKA
540923,ASHOKAMET
500477,ASHOKLEY
530355,ASIANENE
500023,ASIANHOTNR
500820,ASIANPAINT
532888,ASIANTILES
519532,ASIANTNE
544022,ASKAUTOLTD
532694,ASMS
542911,ASSAMENT
531847,ASTAR
533138,ASTEC
540975,ASTERDM
532830,ASTRAL
532493,ASTRAMICRO
506820,ASTRAZEN
540824,ASTRON
543911,ATALREAL
543236,ATAM
542066,ATGL
544397,ATHERENERG
543954,ATL
532759,ATLANTAA
544527,ATLANTAELE
505029,ATLASCYCLE
500027,ATUL
531795,ATULAUTO
540611,AUBANK
544888,AUGMONT
532668,AURIONPRO
524804,AUROPHARMA
539289,AURUM
534532,AURUS
509009,AUSOMENT
522005,AUSTENG
505010,AUTOAXLES
532797,AUTOIND
540649,AVADHSUGAR
543896,AVALON
512149,AVANCE
532406,AVANTEL
512573,AVANTIFEED
543910,AVG
540205,AVL
511589,AVONMORE
543512,AVROIND
519105,AVTNPL
544181,AWFIS
543254,AWHCL
543458,AWL
532215,AXISBANK
532395,AXISCADES
542285,AXITA
523850,AXTEL
544699,AYE
508933,AYMSYNTEX
544061,AZAD
504731,AZADIND
532989,BAFNAPH
532507,BAGFILMS
511724,BAIDFIN
532977,BAJAJ-AUTO
533229,BAJAJCON
500031,BAJAJELEC
532978,BAJAJFINSV
539872,BAJAJHCARE
544252,BAJAJHFL
500032,BAJAJHIND
500490,BAJAJHLDNG
544364,BAJAJINDEF
507944,BAJAJST
544042,BAJEL
500034,BAJFINANCE
544249,BALAJEE
532382,BALAJITELE
530999,BALAMINES
539251,BALKRISHNA
502355,BALKRISIND
523319,BALMLAWRIE
524824,BALPHARMA
500038,BALRAMCHIN
531112,BALUFORGE
526849,BANARBEADS
500041,BANARISUG
500039,BANCOINDIA
541153,BANDHANBNK
532946,BANG
532134,BANKBARODA
532149,BANKINDIA
544209,BANSALWIRE
503722,BANSWRAS
500042,BASF
532674,BASML
500043,BATAINDIA
522004,BATLIBOI
506285,BAYERCROP
503960,BBL
500463,BBOX
501425,BBTC
543668,BBTCL
532368,BCG
524332,BCLIND
543442,BCONCEPTS
542057,BCPL
541143,BDL
543253,BECTORFOOD
533270,BEDMUTHA
539018,BEEKAY
500049,BEL
539399,BELLACASA
544405,BELRISE
500048,BEML
509438,BENARAS
533095,BENGALASM
500052,BEPL
509480,BERGEPAINT
539660,BESTAGRO
533303,BFINVEST
532430,BFUTILITIE
532930,BGRENERGY
531719,BHAGCHEM
530803,BHAGERIA
512296,BHAGYANGR
512608,BHANDARI
544678,BHARATCOAL
500493,BHARATFORG
505688,BHARATGEAR
590021,BHARATRAS
523229,BHARATSE
539799,BHARATWIRE
532454,BHARTIARTL
544162,BHARTIHEXA
500103,BHEL
526853,BI
540061,BIGBLOC
543653,BIKAJI
526666,BIL
500059,BILVYAPAR
505681,BIMETAL
532523,BIOCON
524396,BIOFILCHEM
500060,BIRLACABLE
500335,BIRLACORPN
532974,BIRLAMONEY
509675,BIRLANU
522105,BIRLAPREC
544288,BLACKBUCK
514183,BLACKROSE
543898,BLAL
532290,BLBLIMITED
544870,BLEL
532485,BLIL
506197,BLISSGVS
532719,BLKASHYAP
540073,BLS
544107,BLSE
539607,BLUECLOUDS
531495,BLUECOAST
526612,BLUEDART
544009,BLUEJET
500067,BLUESTARCO
544484,BLUESTONE
544414,BLUSPRING
544543,BMWVENTLTD
526125,BNAGROCHEM
508136,BNALTD
524370,BODALCHEM
500020,BOMDYEING
543211,BONLON
544404,BORANA
543212,BOROLTD
502219,BORORENEW
544184,BOROSCI
523398,BOSCH-HCIL
500530,BOSCHLTD
500547,BPCL
500074,BPL
541096,BPLPHARMA
535693,BRAHMINFRA
532929,BRIGADE
544457,BRIGHOTEL
526731,BRIGHTBR
500825,BRITANNIA
540700,BRNL
533543,BROOKS
544757,BSHSL
514045,BSL
532400,BSOFT
543767,BTML
533108,BTTL
544517,BUILDPRO
532931,BURNPUR
517421,BUTTERFLY
532916,BVCL
531373,BYKE
532386,CALSOFT
532834,CAMLINFINE
543523,CAMPUS
543232,CAMS
532483,CANBK
511196,CANFINHOME
544583,CANHLIFE
533267,CANTABIL
540710,CAPACITE
544614,CAPILLARY
544120,CAPITALSFB
524742,CAPLIPOINT
511505,CAPTRUST
513375,CARBORUNIV
534804,CARERATING
544320,CARRARO
543333,CARTRADE
524091,CARYSIL
500870,CASTROLIND
539807,CCAVENUE
532902,CCCL
526550,CCHHL
519600,CCL
500878,CEATLTD
544223,CEIGALL
538734,CEINSYS
532695,CELEBRITY
544012,CELLO
509496,CEMPRO
500280,CENTENKA
500083,CENTEXT
532885,CENTRALBK
501150,CENTRUM
517544,CENTUM
532548,CENTURYPLY
532443,CERA
500084,CESC
544315,CEWATER
539991,CFEL
531595,CGCL
500093,CGPOWER
531489,CGVAK
542399,CHALET
500085,CHAMBLFERT
530871,CHEMBOND
544450,CHEMBONDCH
543233,CHEMCON
540395,CHEMCRUX
541269,CHEMFAB
543336,CHEMPLASTS
500110,CHENNPETRO
526817,CHEVIOT
531358,CHOICEIN
511243,CHOLAFIN
504973,CHOLAHLDNG
532756,CIEINDIA
530879,CIFL
532807,CINELINE
532324,CINEVISTA
500087,CIPLA
543318,CLEAN
544717,CLEANMAX
540403,CLEDUCATE
530307,CLSEL
544833,CMLL
544739,CMPDI
544777,CMRGREEN
543441,CMSINFO
544631,CNL
533278,COALINDIA
501831,COASTCORP
540678,COCHINSHIP
500147,COCKERILL
539436,COFFEEDAY
532541,COFORGE
543064,COHANCE
500830,COLPAL
531216,COMFINTE
531041,COMPEAU
532456,COMPINFO
532339,COMPUSOFT
539986,COMSYN
531344,CONCOR
543960,CONCORDBIO
526829,CONFIPET
522295,CONTROLPR
531556,CORALFINAC
544802,CORDELIA
532941,CORDSCABLE
506395,COROMANDEL
544644,CORONA
508814,COSMOFIRST
531624,COUNCODOS
533260,CPCAP
544499,CPEDU
536974,CPL
544466,CPPLUS
543276,CRAFTSMAN
544580,CRAMC
509472,CRAVATEX
532392,CREATIVEYE
541770,CREDITACC
511413,CREST
500092,CRISIL
544439,CRIZAC
539876,CROMPTON
512379,CRSL
542867,CSBBANK
530067,CSLFINANCE
544806,CSM
532801,CTE
532210,CUB
526027,CUBEXTUB
500480,CUMMINSIND
530843,CUPID
532332,CURAA
532640,CYBERMEDIA
532173,CYBERTECH
532175,CYIENT
543933,CYIENTDLM
500096,DABUR
526821,DAICHI
542216,DALBHARAT
500097,DALMIASUG
544316,DAMCAPITAL
521220,DAMODARIND
532528,DATAMATICS
543428,DATAPATTNS
543267,DAVANGERE
533151,DBCORP
544276,DBEIL
540047,DBL
543593,DBOL
533160,DBREALTY
530393,DBSTOCKBRO
540701,DCAL
532772,DCBBANK
543636,DCI
502820,DCM
511611,DCMFINSERV
542729,DCMNVL
523367,DCMSHRIRAM
544702,DCMSIL
523369,DCMSRIND
500117,DCW
543650,DCXINDIA
543547,DDEVPLSTIK
502137,DECCANCE
512068,DECNGOLD
544198,DEEDEV
541778,DEEP
544903,DEEPA
500645,DEEPAKFERT
506401,DEEPAKNTR
543288,DEEPINDS
543529,DELHIVERY
533452,DELPHIFX
532848,DELTACORP
504286,DELTAMAGNT
533137,DEN
590031,DENORA
544345,DENTA
543462,DEVIT
544513,DEVX
543330,DEVYANI
542685,DGCONTENT
538715,DHABRIYA
500119,DHAMPURSUG
532180,DHANBANK
507717,DHANUKA
541161,DHARAN
543687,DHARMAJ
540080,DHATRE
544867,DHOOTTRANS
541302,DHRUV
533336,DHUNINV
522163,DIACABS
500120,DIAMINESQ
540724,DIAMONDYD
500089,DICIND
544264,DIFFNKG
544079,DIGIDRIVE
517214,DIGISPICE
544413,DIGITIDE
539979,DIGJAMLMTD
500068,DISAQ
532839,DISHTV
543812,DIVGIITTS
532488,DIVISLAB
540699,DIXON
543193,DJML
532868,DLF
533146,DLINKINDIA
540376,DMART
506405,DMCC
540789,DNAMEDIA
543306,DODLA
505526,DOLATALGO
541403,DOLLAR
544908,DOLLEX
522261,DOLPHIN
544045,DOMS
512519,DONEAR
544161,DPABHUSHAN
543962,DPWIRES
526783,DRAGARWQ
543268,DRCSYSTEMS
543591,DREAMFOLKS
523618,DREDGECORP
500124,DRREDDY
544703,DSFCL
523890,DSKULKARNI
532365,DSSL
538902,DTIL
534674,DUCON
523736,DVL
532610,DWARKESH
540795,DYCL
505242,DYNAMATECH
532707,DYNPRO
544783,E2E
543272,EASEMYTRIP
590022,EASTSILK
540006,EASTWEST
544455,EBGNG
531035,EBIX
532927,ECLERX
530643,ECORECO
544239,ECOSMOBLTY
532922,EDELWEISS
512008,EFCIL
505200,EICHERMOT
500125,EIDPARRY
544290,EIEL
523127,EIHAHOTELS
500840,EIHOTEL
523708,EIMCOELECO
532684,EKC
543284,EKI
500123,ELANTAS
503681,ELCIDIN
523329,ELDEHSG
505700,ELECON
500128,ELECTCAST
526608,ELECTHERM
522074,ELGIEQUIP
543725,ELIN
539533,ELITECON
544421,ELLEN
504000,ELPROINTL
531162,EMAMILTD
533208,EMAMIPAP
533218,EMAMIREAL
532832,EMBDL
544210,EMCURE
543626,EMIL
532737,EMKAY
533161,EMMBI
544608,EMMVEE
509525,EMPIND
504351,EMPOWER
543983,EMSLIMITED
543533,EMUDHRA
540153,ENDURANCE
532219,ENERGYDEV
532178,ENGINERSIN
532700,ENIL
533477,ENKEIWHEL
544390,ENRIN
544122,ENTERO
544095,EPACK
544540,EPACKPEB
543332,EPIGRAL
500135,EPL
590057,EQUIPPP
543243,EQUITASBNK
540596,ERIS
500133,ESABINDIA
544020,ESAFSFB
500495,ESCORTS
544898,ESDS
533704,ESSARSHPNG
535958,ESSENTIA
500136,ESTER
543320,ETERNAL
543532,ETHOSLTD
543482,EUREKAFORB
544461,EUROBOND
544519,EUROPRATIK
521014,EUROTEXIND
531508,EVEREADY
508906,EVERESTIND
500650,EXCELINDUS
544617,EXCELSOFT
544133,EXICOM
500086,EXIDEIND
533121,EXPLEOSOL
543327,EXXARO
544558,FABTECH
590024,FACT
543252,FAIRCHEMOR
530079,FAZE3Q
533333,FCL
532666,FCSSOFT
531599,FDC
511628,FEDDERSHOL
500469,FEDERALBNK
544027,FEDFINA
523574,FEL
570002,FELDVR
506414,FERMENTA
507910,FIBERWEB
532768,FIEMIND
526227,FILATEX
532022,FILATFASH
500144,FINCABLES
541557,FINEORG
508954,FINKURVE
543386,FINOPB
500940,FINPIPE
544226,FIRSTCRY
524743,FISCHER
543663,FIVESTAR
544030,FLAIR
533638,FLEXITUFF
536507,FLFL
542812,FLUOROCHEM
505744,FMGOETZE
533296,FMNL
507552,FOODSIN
500033,FORCEMOT
532843,FORTIS
500150,FOSECOIND
544700,FRACTAL
539730,FREDUN
522195,FRONTSP
532809,FSL
543652,FUSION
505714,GABRIEL
524226,GAEL
532155,GAIL
544885,GAJA
544244,GALAPREC
540935,GALAXYSURF
532726,GALLANTT
544029,GANDHAR
513108,GANDHITUBE
514167,GANECOS
500153,GANESHBE
544528,GANESHCP
526367,GANESHHOU
540647,GANGESSECU
509557,GARFIBRES
544271,GARUDA
531723,GATECH
570005,GATECHDVR
543489,GATEWAY
544709,GAUDIUMIVF
541546,GAYAHWS
532767,GAYAPROJ
543324,GCSL
532764,GEECEE
544491,GEMAROMA
539407,GENCON
506109,GENESYS
542851,GENSOL
538961,GENUSPAPER
530343,GENUSPOWER
532285,GEOJITFSL
500620,GESHIP
500173,GFLLIMITED
513343,GFSTEELS
500171,GHCL
543918,GHCLTEXTIL
511676,GICHSGFIN
540755,GICRE
532716,GILLANDERS
507815,GILLETTE
590025,GINNIFILA
517300,GIPCL
533212,GKB
544525,GKENERGY
544666,GKSL
543245,GLAND
544913,GLASSWALL
500660,GLAXO
532296,GLENMARK
500174,GLFL
544234,GLOBALE
532773,GLOBALVECT
544424,GLOBECIVIL
533104,GLOBUSSPR
542351,GLOSTERLTD
544557,GLOTTIS
507488,GMBREW
532181,GMDCLTD
505255,GMMPFAUDLR
532754,GMRAIRPORT
543490,GMRP&UI
540124,GNA
500670,GNFC
513536,GNRL
509567,GOACARBON
506480,GOCLCORP
543401,GOCOLORS
544279,GODAVARIB
500163,GODFRYPHLP
544179,GODIGIT
540743,GODREJAGRO
532424,GODREJCP
500164,GODREJIND
533150,GODREJPROP
532630,GOKEX
532980,GOKUL
539725,GOKULAGRO
500151,GOLDENTOBC
526729,GOLDIAM
531439,GOLDTECH
530655,GOODLUCK
500168,GOODYEAR
544140,GOPAL
541152,GOYALALUM
532734,GPIL
533248,GPPL
544131,GPTHEALTH
533761,GPTINFRA
523862,GRANDOAK
532482,GRANULES
509488,GRAPHITE
500300,GRASIM
505710,GRAUWEIL
509546,GRAVISSHO
533282,GRAVITA
501455,GREAVESCOT
538979,GREENLAM
542857,GREENPANEL
526797,GREENPLY
533263,GREENPOWER
506076,GRINDWELL
543317,GRINFRA
531449,GRMOVER
544603,GROWW
509152,GRPLTD
542011,GRSE
500655,GRWRHITECH
500690,GSFC
543829,GSLSU
544733,GSPCROP
532951,GSS
500160,GTL
532775,GTLINFRA
540602,GTPL
509079,GUFICBIO
530001,GUJALKALI
522217,GUJAPOLLO
539336,GUJENERGY
523836,GUJRAFFIA
506879,GUJTHEM
538567,GULFOILLUB
532543,GULFPETRO
532457,GULPOLY
532708,GVKPIL
532309,GVPIL
522275,GVT&D
507912,GYFTR
541154,HAL
539854,HALDER
515147,HALDYNGL
540679,HALEOSLABS
526407,HAMPTON
543227,HAPPSTMNDS
544057,HAPPYFORGE
541276,HARDWYN
543517,HARIOMPIPE
500467,HARRMALAYA
543600,HARSHA
533162,HATHWAY
531531,HATSUN
517354,HAVELLS
531322,HAVISHA
508486,HAWKINCOOK
532467,HAZOOR
532334,HBESD
517271,HBLENGINE
532333,HBPOR
532216,HBSL
500185,HCC
539787,HCG
500179,HCL-INSYS
532281,HCLTECH
544429,HDBFS
541729,HDFCAMC
500180,HDFCBANK
540777,HDFCLIFE
532873,HDIL
540210,HEADSUP
533259,HEALTHX
509631,HEG
500292,HEIDELBERG
543242,HEMIPROP
543266,HERANBA
519552,HERITGFOOD
500182,HEROMOTOCO
524669,HESTERBIO
544785,HEXAGON
534328,HEXATRADEX
544362,HEXT
500183,HFCL
541019,HGINFRA
532761,HGM
532859,HGS
524735,HIKAL
544477,HILINFRA
532847,HILTON
514043,HIMATSEIDE
514428,HINDADH
500440,HINDALCO
531979,HINDALUMI
509635,HINDCOMPOS
513599,HINDCOPPER
500186,HINDOILEXP
500104,HINDPETRO
500696,HINDUNILVR
542905,HINDWAREAP
500188,HINDZINC
504036,HIRECT
590018,HISARMETAL
543411,HITECH
526217,HITECHCORP
522073,HITECHGEAR
522215,HLEGLAS
500193,HLVLTD
543929,HMAAGRO
500191,HMT
533217,HMVL
519126,HNDFDS
543259,HOMEFIRST
544014,HONASA
517174,HONAUT
522064,HONDAPOWER
544880,HORIZONIND
543433,HPAL
543645,HPIL
540136,HPL
526931,HRYNSHP
500184,HSCL
544891,HTEL
532662,HTMEDIA
532799,HUBTOWN
540530,HUDCO
509820,HUHTAMAKI
500262,HYBRIDFIN
544274,HYUNDAI
533520,IBULLSLTD
511194,ICDSLTD
544658,ICICIAMC
532174,ICICIBANK
540716,ICICIGI
540133,ICICIPRULI
521016,ICIL
532835,ICRA
500116,IDBI
532822,IDEA
543932,IDEAFORGE
539437,IDFCFIRSTB
540750,IEX
507438,IFBAGRO
505726,IFBIND
500106,IFCI
540774,IFGLEXPOR
517380,IGARASHI
544432,IGCL
544311,IGIL
532514,IGL
500199,IGPL
532636,IIFL
542773,IIFLCAPS
501295,IITL
543923,IKIO
544309,IKS
532907,IL&FSENGG
533177,IL&FSTRANS
539056,IMAGICAA
533047,IMFA
590065,IMPAL
532614,IMPEXFERRO
543620,INA
538365,INCREDIBLE
511473,INDBANK
544172,INDGN
500850,INDHOTEL
530005,INDIACEM
500201,INDIAGLYCO
542726,INDIAMART
532814,INDIANB
509692,INDIANCARD
504741,INDIANHUME
544044,INDIASHLTR
539448,INDIGO
543258,INDIGOPNTS
544454,INDIQUBE
532240,INDNIPPON
524648,INDOAMIN
524342,INDOBORAX
532612,INDOCO
544328,INDOFARM
504092,INDOKEM
544837,INDOMIM
500207,INDORAMA
541336,INDOSTAR
532717,INDOTECH
533676,INDOTHAI
541304,INDOUS
532894,INDOWIND
501298,INDPRUD
532150,INDRAMEDCO
532305,INDSWFTLAB
533329,INDTERRAIN
532187,INDUSINDBK
534816,INDUSTOWER
543644,INFOBEAN
509069,INFOMEDIA
500209,INFY
500210,INGERRAND
544067,INNOVACAP
544302,INNOVANA
544732,INNOVISION
543667,INOXGREEN
544046,INOXINDIA
539083,INOXWIND
532851,INSECTICID
532774,INSPIRISYS
538835,INTELLECT
532326,INTENTECH
544232,INTERARCH
509709,INTLCONV
533506,INVENTURE
504786,INVPRECQ
532388,IOB
530965,IOC
524164,IOLCP
500214,IONEXCHANG
524494,IPCALAB
543311,IPL
523638,IPRINGLTD
532947,IRB
541956,IRCON
542830,IRCTC
544026,IREDA
543257,IRFC
540735,IRIS
544004,IRMENERGY
533181,ISFT
533033,ISGEC
531109,ISHANCH
508807,ISTLTD
500875,ITC
544325,ITCHOTELS
532189,ITDC
523610,ITI
522183,ITL
544523,IVALUE
511208,IVC
507580,IVP
540954,IWP
544192,IXIGO
532341,IZMO
532209,J&KBANK
532705,JAGRAN
507789,JAGSNPHARM
532976,JAIBALAJI
512237,JAICORPLTD
544537,JAINREC
520051,JAMNAAUTO
544534,JARO
544402,JASH
524330,JAYAGROGN
520066,JAYBARMARU
500306,JAYKAY
522285,JAYNECOIND
509715,JAYSREETEA
532605,JBMA
524731,JENBURPH
543420,JETFREIGHT
544138,JGCHEM
532771,JHS
532624,JINDALPHOT
500227,JINDALPOLY
500378,JINDALSAW
532286,JINDALSTEL
511034,JINDRILL
531543,JINDWORLD
543940,JIOFIN
570004,JISLDVREQS
500219,JISLJALEQS
540311,JITFINFRA
532644,JKCEMENT
532940,JKIL
544547,JKIPL
500380,JKLAKSHMI
532162,JKPAPER
530007,JKTYRE
543980,JLHL
523405,JMFINANCIL
544167,JNKINDIA
544853,JNPR
536773,JPOLYINVST
532627,JPPOWER
544118,JSFB
532508,JSL
544476,JSLL
544480,JSWCEMENT
500710,JSWDULUX
533148,JSWENERGY
532642,JSWHL
543994,JSWINFRA
500228,JSWSTEEL
520057,JTEKTINDIA
534600,JTLIND
544355,JUBLCPL
533155,JUBLFOOD
543271,JUBLINGREA
530019,JUBLPHARMA
544129,JUNIPER
535648,JUSTDIAL
533272,JWL
532926,JYOTHYLAB
544081,JYOTICNC
514448,JYOTIRES
513250,JYOTISTRUC
524109,KABRAEXTRU
500233,KAJARIACER
500234,KAKATCEM
543989,KALAMANDIR
544423,KALPATARU
513509,KALYANIFRG
543278,KALYANKJIL
532468,KAMAHOLD
511131,KAMANWALA
526668,KAMATHOTEL
532741,KAMDHENU
543747,KAMOPAINTS
506184,KANANIIND
538896,KANCHI
541005,KANCOTEA
544911,KANOHAR
506525,KANORICHEM
507779,KANPRPLA
500165,KANSAINER
544917,KARAMTARA
533451,KARMAENG
590003,KARURVYSYA
532925,KAUSHALYA
590041,KAVDEFENCE
539276,KAYA
543664,KAYNES
590066,KCP
533192,KCPSUGIND
532054,KDDL
512595,KDGREEN
532714,KEC
533193,KECL
526677,KEEPLEARN
517569,KEI
519602,KELLTONTEC
505890,KENNAMET
532686,KERNEX
502937,KESORAMIND
512597,KEYFINSERV
543720,KFINTECH
540775,KHADIM
507794,KHAICHEM
590068,KHAITANLTD
531892,KHANDSE
533302,KICL
524500,KILITCH
543308,KIMS
524019,KINGFA
540680,KIOCL
537750,KIRANVYPAR
532967,KIRIINDUS
500245,KIRLFER
500241,KIRLOSBROS
533293,KIRLOSENG
500243,KIRLOSIND
505283,KIRLPNU
544754,KISSHT
521248,KITEX
530235,KJMCFIN
532732,KKCL
522101,KLBRENG-B
524520,KMCSHIL
543273,KMEW
532673,KMSUGAR
544814,KNACK
532942,KNRCON
512559,KOHINOOR
523207,KOKUYOCMLN
532924,KOLTEPATIL
524280,KOPRAN
500247,KOTAKBANK
530299,KOTHARIPRO
509732,KOTIC
544726,KOTYARK
523323,KOVAI
539686,KPEL
542323,KPIGREEN
522287,KPIL
542651,KPITTECH
539997,KPL
532889,KPRMILL
530813,KRBL
524518,KREBSBIO
533482,KRIDHANINF
544416,KRISHIVAL
526423,KRITI
533210,KRITINUT
544263,KRN
544187,KRONOX
544253,KROSS
543328,KRSNAA
544149,KRYSTAL
500249,KSB
532899,KSCL
519421,KSE
544664,KSHINTL
500235,KSL
543599,KSOLVES
544615,KSR
532652,KTKBANK
532937,KUANTUM
544821,KUSUMGAR
544622,KWIL
530577,LADDERUP
531842,LAHOTIOV
506079,LAKPRE
502958,LAKSHMIMIL
540952,LAL
544879,LALITHAA
539524,LALPATHLAB
590075,LAMBODHARA
539841,LANCER
509048,LANCORHOL
543714,LANDMARK
533090,LANDSMILL
526947,LAOPALA
544822,LASERPOWER
543398,LATENTVIEW
540222,LAURUSLABS
544339,LAXMIDENTL
544465,LAXMIINDIA
532019,LCCINFOTEC
544918,LCCPROJECT
544839,LCL
544865,LEAPIND
517415,LEENEE
541233,LEMONTREE
544600,LENSKART
500250,LGBBROSLTD
544576,LGEINDIA
526596,LIBERTSHOE
500253,LICHSGFIN
543526,LICI
543240,LIKHITHA
531241,LINC
531633,LINCOLN
523457,LINDEINDIA
540192,LKPSEC
539992,LLOYDSENGG
512463,LLOYDSENT
512455,LLOYDSME
500252,LMW
543287,LODHA
532740,LOKESHMACH
500284,LORDSCHLO
523475,LOTUSCHO
544469,LOTUSDEV
532998,LOTUSEYE
533343,LOVABLE
514036,LOYALTEX
533012,LPDC
500510,LT
533519,LTF
532783,LTFOODS
540005,LTM
540115,LTTS
517206,LUMAXIND
532796,LUMAXTECH
544894,LUMINO
500257,LUPIN
539542,LUXIND
543277,LXCHEM
500259,LYKALABS
500520,M&M
532720,M&MFIN
532906,MAANALU
515093,MADHAV
539894,MADHAVIPL
531497,MADHUCON
590134,MADRASFERT
500264,MAFATIND
540650,MAGADSUGAR
532896,MAGNUM
532525,MAHABANK
523384,MAHAPEXLTD
513554,MAHASTEEL
523754,MAHEPC
532313,MAHLIFE
540768,MAHLOG
500266,MAHSCOOTER
500265,MAHSEAMLES
590078,MAITHANALL
500267,MAJESAUT
506919,MAKERSL
539400,MALLCOM
532728,MALUPAPER
544318,MAMATA
539045,MANAKALUCO
539046,MANAKCOAT
532932,MANAKSIA
539044,MANAKSTEEL
500268,MANALIPETC
531213,MANAPPURAM
544262,MANBA
505850,MANCREDIT
532637,MANGALAM
502157,MANGLMCEM
513269,MANINDS
533169,MANINFRA
544847,MANIPALHOS
543904,MANKIND
540396,MANOMAY
541974,MANORAMA
514418,MANORG
505324,MANUGRAPH
543463,MANYAVAR
543425,MAPMYINDIA
521018,MARALOVER
503101,MARATHON
531642,MARICO
543364,MARKOLINES
524404,MARKSANS
517467,MARSONS
532500,MARUTI
540749,MASFIN
523704,MASTEK
511768,MASTERTR
540704,MATRIMONY
523371,MAWANASUG
544008,MAXESTATES
543220,MAXHEALTH
543223,MAXIND
522249,MAYURUNIQ
523792,MAZDA
543237,MAZDOCK
532629,MBECL
544470,MBEL
533152,MBLINFRA
507836,MCCHRLS-B
532654,MCLEODRUSS
538891,MCLOUD
534091,MCX
543654,MEDANTA
544088,MEDIASSIST
531146,MEDICAMEQ
523144,MEDICAPQ
540937,MEDICO
543427,MEDPLUS
544632,MEESHO
541352,MEGASTAR
544492,MEIL
531727,MENNPIS
523828,MENONBE
539126,MEP
538942,MERCANTILE
531357,MERCURYEV
543426,METROBRAND
500159,METROGLOBL
542650,METROPOLIS
544233,MFML
500271,MFSL
544273,MGEL
539957,MGL
514450,MHLXMIRU
533088,MHRIL
532850,MICEL
541195,MIDHANI
544587,MIDWESTLTD
538668,MIIL
544868,MILKYMIST
522235,MINALIND
538962,MINDACORP
517344,MINDTECK
526642,MIRZAINT
538890,MKEXIM
543919,MKPL
507621,MLKFOOD
522241,MMFL
513377,MMTC
512267,MMWL
544305,MOBIKWIK
519003,MODINATUR
500890,MODIRUBBER
543539,MODIS
506261,MODISONLTD
500282,MODTHREAD
532140,MOHITE
531453,MOHITIND
533286,MOIL
543331,MOL
544866,MOLBIO
526263,MOLDTECH
533080,MOLDTKPAC
544906,MOMSBELIEF
511551,MONARCH
538446,MONEYBOXX
538836,MONTECARLO
500288,MOREPENLAB
532407,MOSCHIP
517334,MOTHERSON
532892,MOTILALOFS
544053,MOTISONS
501343,MOTOGENFIN
532723,MPDL
526299,MPHASIS
544916,MPIMANIPAL
532440,MPSLTD
500290,MRF
500109,MRPL
539275,MSL
532650,MSPL
542597,MSTCLTD
543498,MSUMI
543270,MTARTECH
534312,MTEDUCARE
500108,MTNL
542774,MUFIN
544058,MUFTI
500460,MUKANDLTD
530341,MUKESHB
544135,MUKKA
532357,MUKTAARTS
520059,MUNJALAU
520043,MUNJALSHOW
515037,MURUDCERA
511766,MUTHOOTCAP
533398,MUTHOOTFIN
544055,MUTHOOTMF
544851,MVELECTRO
543995,MVGJL
544764,MWL
506734,MYSORPETRO
524709,NACLIND
532895,NAGREEKCAP
521109,NAGREEKEXP
532952,NAHARCAP
519136,NAHARINDUS
523391,NAHARPOLY
500296,NAHARSPING
540767,NAM-INDIA
543643,NARMADA
524654,NATCAPSUQ
524816,NATCOPHARM
537291,NATHBIOGEN
532234,NATIONALUM
504882,NATIONSTD
532777,NAUKRI
513023,NAVA
532504,NAVINFLUOR
539332,NAVKARCORP
531494,NAVKARURB
508989,NAVNETEDUL
543280,NAZARA
534309,NBCC
500294,NCC
502168,NCLIND
532641,NDL
500189,NDLVENTURE
543214,NDRAUTO
532529,NDTV
508670,NEAGI
534615,NECCLTD
532649,NECLIFE
532864,NELCAST
504112,NELCO
542665,NEOGEN
544647,NEPHROPLUS
505355,NESCO
500790,NESTLEIND
543945,NETWEB
532798,NETWORK18
532887,NEUEON
524558,NEULANDLAB
540900,NEWGEN
532416,NEXTMEDIA
523630,NFL
541418,NGIL
524774,NGLFINE
539551,NH
533098,NHPC
540769,NIACL
535136,NIBE
535458,NIBL
526721,NICCOPAR
500304,NIITLTD
543952,NIITMTS
530377,NILAINFRA
542231,NILASPACES
530129,NILE
523385,NILKAMAL
511714,NIMBSPROJ
539843,NINSYS
504058,NIPPOBATRY
532986,NIRAJ
500307,NIRLON
532722,NITCO
532698,NITINSPIN
506532,NITTAGELA
544286,NIVABUPA
519494,NKIND
513683,NLCINDIA
526371,NMDC
500730,NOCIL
532481,NOIDATOLL
519528,NORBTEAEXP
544260,NORTHARC
544100,NOVAAGRI
500672,NOVARTIND
544396,NPST
516082,NRAIL
530367,NRBBEARING
532256,NSIL
543768,NSLNISP
526723,NTCIND
532555,NTPC
544289,NTPCGREEN
531209,NUCLEUS
543264,NURECA
543988,NUVAMA
543334,NUVOCO
543384,NYKAA
500078,OAL
541206,OBCL
533273,OBEROIRLTY
544278,OCCLLTD
544301,ODIGMA
531996,ODYCORP
532466,OFSS
533106,OIL
500313,OILCOUNTUB
544225,OLAELEC
532439,OLECTRA
520021,OMAXAUTO
532880,OMAXE
544564,OMFREIGHT
531092,OMINFRAL
544720,OMNI
544750,OMPOWER
514330,ONEGLOBAL
533632,ONELIFECAP
544748,ONEPOINT
544292,ONESOURCE
500312,ONGC
500279,ONIDA
513119,ONIXSOLAR
532944,ONMOBILE
517536,ONWARDTEC
530135,OPTIEMUS
531254,OPTIFIN
512626,ORBTEXP
532271,ORCHASP
524372,ORCHPHARMA
513121,ORICONENT
532817,ORIENTALTL
530365,ORIENTBELL
535754,ORIENTCEM
504879,ORIENTCER
541301,ORIENTELEC
500314,ORIENTHOT
526325,ORIENTLTD
502420,ORIENTPPR
544235,ORIENTTECH
531859,ORIRAIL
590086,ORISSAMINE
544595,ORKLAINDIA
539287,ORTINGLOBE
500317,OSWALAGRO
539290,OSWALGREEN
544418,OSWALPUMPS
544550,PACEDIGITK
523483,PACIFICI
532827,PAGEIND
532900,PAISALO
516030,PAKKA
540648,PALASHSECU
532521,PALREDTEC
531349,PANACEABIO
524820,PANAMAPET
513511,PANCHMAHQ
539469,PANORAMA
530555,PARACABLES
543530,PARADEEP
539889,PARAGMILK
543367,PARAS
521246,PARASPETRO
544645,PARKHOSPS
544111,PARKHOTELS
506128,PARNAXLAB
532780,PARSVNATH
544448,PASHUPATI
500456,PASUPTAC
500368,PATANJALI
531120,PATELENG
544487,PATELRMART
526381,PATINTLOG
532742,PAUSHAKLTD
543915,PAVNAIND
543396,PAYTM
514087,PBMPOLY
506590,PCBL
534809,PCJEWELLER
539785,PDMJEPAPER
538730,PDSL
523260,PEARLPOLY
513228,PENIND
503031,PENINLAND
504132,PERMAGN
544901,PERNIASPOP
533179,PERSISTENT
532522,PETRONET
532810,PFC
500680,PFIZER
532748,PFOCUS
533344,PFS
533581,PGEL
500459,PGHH
500126,PGHL
532808,PGIL
503100,PHOENIXLTD
526481,PHOENXINTL
530305,PICCADIL
500331,PIDILITIND
543912,PIGL
523642,PIIND
539883,PILANIINVS
500327,PILITA
544606,PINELABS
514300,PIONEEREMB
507864,PIONRINV
544597,PIRAMALFIN
513519,PITTIENG
500333,PIXTRANS
523648,PLASTIBLEN
544134,PLATIND
544003,PLAZACABLE
539113,PML
532461,PNB
532366,PNBGILTS
540173,PNBHOUSING
532387,PNC
539150,PNCINFRA
544256,PNGJL
544718,PNGSREVA
532626,POCL
524570,PODDARMENT
539195,POEL
532486,POKARNA
543390,POLICYBZR
542652,POLYCAB
531768,POLYMED
524051,POLYPLEX
539354,POLYSPIN
532460,PONNIERODE
524000,POONAWALLA
532898,POWERGRID
544744,POWERICA
543187,POWERINDIA
539302,POWERMECH
532934,PPAP
542684,PPL
543635,PPLPHARMA
544379,PRABHA
513532,PRADPME
531746,PRAENG
522205,PRAJIND
506022,PRAKASH
533239,PRAKASHSTL
544909,PRANAV
544912,PRASOLCHEM
531637,PRAVEG
540901,PRAXIS
539636,PRECAM
523539,PRECWIRE
530331,PREMCO
526247,PREMEXPLN
500540,PREMIER
544238,PREMIERENE
514354,PREMIERPOL
533274,PRESTIGE
540293,PRICOLLTD
500337,PRIMESECU
506852,PRIMO
542907,PRINCEPIPE
544899,PRIORITY
501314,PRISMX
539359,PRITIKAUTO
530117,PRIVISCL
544410,PROSTARM
544021,PROTEAN
534675,PROZONER
500338,PRSMJOHNSN
543527,PRUDENT
500342,PRUDMOULI
533295,PSB
540544,PSPPROJECT
532524,PTC
539006,PTCIL
509220,PTL
506618,PUNJABCHEM
532891,PURVA
517556,PVP
532689,PVRINOX
544144,PVSL
544609,PWL
543969,PYRAMID
544367,QPOWER
544336,QUADFUTURE
539978,QUESS
539678,QUICKHEAL
539515,QUINT
537785,RACE
520073,RACLGEAR
590070,RADAAN
540125,RADHIKAJWE
543732,RADIANTCMS
532497,RADICO
540366,RADIOCITY
543265,RAILTEL
500339,RAIN
543524,RAINBOW
531500,RAJESHEXPO
522257,RAJOOENG
532503,RAJPALAYAM
517522,RAJRATAN
530699,RAJRILTD
500354,RAJSREESUG
532826,RAJTV
500355,RALLIS
500356,RAMANEWS
524037,RAMAPHO
539309,RAMASTEEL
544803,RAMBHAJO
500260,RAMCOCEM
532369,RAMCOIND
532370,RAMCOSYS
533262,RAMKY
522281,RAMRAT
507490,RANASUG
505800,RANEHOLDIN
543417,RATEGAIN
520111,RATNAMANI
543978,RATNAVEER
500330,RAYMOND
544240,RAYMONDLSL
544420,RAYMONDREL
543248,RBA
540065,RBLBANK
544060,RBZJEWEL
524230,RCF
532712,RCOM
532955,RECLTD
532805,REDINGTON
543957,REDTAPE
532884,REFEX
544485,REGAAL
515018,REGENCERAM
530517,RELAXO
503162,RELCHEMQ
544207,RELIABLE
500325,RELIANCE
532915,RELIGARE
500390,RELINFRA
504341,RELTD
530919,REMSONSIND
544915,RENTOMOJO
532670,RENUKA
535322,REPCOHOME
532687,REPRO
505509,RESPONIND
544197,RETAIL
532923,RGL
543590,RHETAN
540709,RHFL
534076,RHIM
543901,RHL
520008,RICOAUTO
523445,RIIL
517035,RIR
543977,RISHABH
542383,RITCO
541556,RITES
533294,RKDL
532527,RKFORGE
544136,RKSWAMY
540358,RMC
544456,RMDRIP
532661,RML
538119,RNBDENIMS
532699,ROHLTD
543325,ROLEXRINGS
502448,ROLLT
533093,ROML
543213,ROSSARI
533168,ROSSELLIND
544294,ROSSTECH
517500,ROTO
543228,ROUTE
539837,RPEL
532983,RPGLIFE
532939,RPOWER
533284,RPPINFRA
542333,RPSGVENT
544119,RPTECH
544346,RRECL
531307,RRIL
543981,RRKABEL
539875,RSDFIN
544731,RSL
517447,RSSOFTWARE
500350,RSWM
532735,RSYSTEMS
534597,RTNINDIA
533122,RTNPOWER
531215,RTSPOWR
500367,RUBFILA
544578,RUBICON
503169,RUBYMILLS
509020,RUCHINFRA
532785,RUCHIRA
539226,RUDRA
533552,RUPA
533470,RUSHIL
543669,RUSTOMJEE
543251,RVHL
542649,RVNL
544246,RVTH
517273,S&SPOWER
544526,SAATVIKGL
539112,SAB
532710,SADBHAV
539346,SADBHIN
506642,SADHNANIQ
523025,SAFARI
502090,SAGCEM
544282,SAGILITY
511754,SAHLIBHFI
532841,SAHYADRI
531931,SAICAPI
500113,SAIL
544306,SAILIFE
544742,SAIPARENT
507315,SAKHTISUG
590051,SAKSOFT
532713,SAKUMA
540642,SALASAR
590056,SALONA
532604,SALSTEEL
517059,SALZERELEC
521240,SAMBANDAM
511630,SAMBHAAV
544430,SAMBHV
543984,SAMHI
535789,SAMMAANCAP
534598,SAMPANN
544314,SANATHAN
526725,SANDESH
541163,SANDHAR
504918,SANDUMA
514234,SANGAMIND
530073,SANGHVIMOV
500674,SANOFI
544250,SANOFICONR
543358,SANSERA
544217,SANSTAR
519260,SANWARIA
543397,SAPPHIRE
538795,SAPPL
504614,SARDAEN
532163,SAREGAMA
526885,SARLAPOLY
543688,SARVESHWAR
532663,SASKEN
539201,SATIA
539404,SATIN
502175,SAURASHCEM
523710,SAYAJIHOTL
540728,SAYAJIIND
542725,SBC
513097,SBCL
543959,SBFC
543218,SBGLP
543066,SBICARD
544829,SBIFUNDS
540719,SBILIFE
500112,SBIN
511672,SCANSTL
505790,SCHAEFFLER
540497,SCHAND
534139,SCHNEIDER
523598,SCI
544142,SCILAL
544411,SCODATUBES
540757,SCPL
507514,SDBL
526807,SEAMECLTD
543234,SECMARK
512161,SECURKLOUD
544723,SEDEMAC
539921,SEIL
532993,SEJALLTD
515043,SEKURITIND
505368,SEMAC
543936,SENCO
544319,SENORES
532945,SEPC
502450,SESHAPAPER
505075,SETCO
544333,SETL
533605,SETUINFRA
524324,SEYAIND
540203,SFL
539199,SGFIN
541929,SGIL
532730,SGL
526544,SGLRES
512329,SGMART
540737,SGRL
544685,SHADOWFAX
533275,SHAH
513436,SHAHALLOYS
501423,SHAILY
531431,SHAKTIPUMP
540797,SHALBY
509874,SHALPAINTS
540425,SHANKARA
544882,SHANKESH
522034,SHANTIGEAR
544459,SHANTIGOLD
538666,SHARDACROP
535602,SHARDAMOTR
512393,SHARDUL
540725,SHAREINDIA
526981,SHBAJRG
533301,SHEKHAWATI
538685,SHEMAROO
526117,SHERVANI
531201,SHILCTECH
513709,SHILGRAVQ
530549,SHILPAMED
519397,SHINDL
544871,SHIPROCKET
530433,SHIVAAGRO
532323,SHIVACEM
539148,SHIVALIK
532776,SHIVAMAUTO
540961,SHIVAMILLS
511108,SHIVATEX
539450,SHK
532638,SHOPERSTOP
531771,SHRADDHA
502180,SHREDIGCEM
500387,SHREECEM
544490,SHREEJISPG
539334,SHREEPUSHK
532310,SHREERAMA
516016,SHREYANIND
531080,SHRIKRISH
544512,SHRINGARMS
544344,SHRIPISTON
511218,SHRIRAMFIN
543419,SHRIRAMPPS
512453,SHRJAGP
524632,SHUKRAPHAR
539252,SHYAMCENT
543299,SHYAMMETL
517411,SHYAMTEL
533014,SICAGEN
520086,SICALLOG
519234,SIEL
500550,SIEMENS
543389,SIGACHI
512131,SIGIND
543917,SIGMA
532408,SIGMAADV
543990,SIGNATURE
544117,SIGNPOST
523606,SIKA
530017,SIL
521194,SILINV
543525,SILVERTUC
539742,SIMBHALS
523838,SIMPLEXINF
503229,SIMPLXREA
523023,SINCLAIR
532029,SINDHUTRAD
505729,SINGERIND
543686,SIRCA
540673,SIS
532795,SITINET
503811,SIYSIL
543387,SJS
533206,SJVN
500472,SKFINDIA
544572,SKFINDUS
538562,SKIPPER
532143,SKMEGGPROD
541967,SKYGOLD
544890,SKYWAYS
532419,SMARTLINK
544447,SMARTWORKS
543263,SMCGLOBAL
505192,SMLMAH
540393,SMLT
532815,SMSPHARMA
538635,SNOWMAN
532784,SOBHA
543470,SOFTTECH
541540,SOLARA
532725,SOLARINDS
544532,SOLARWORLD
544862,SOLEX
531548,SOMANYCERA
521034,SOMATEX
533001,SOMICONVEY
543300,SONACOMS
538943,SONAL
532221,SONATSOFTW
524667,SOTL
532218,SOUTHBANK
543986,SOUTHWEST
540048,SPAL
542759,SPANDANA
532872,SPARC
534425,SPECIALITY
544386,SPECTRUM
542337,SPENCERS
590030,SPIC
532651,SPLIL
500405,SPLPETRO
500402,SPMLINFRA
539221,SPORTKING
542232,SRD
535601,SREEL
503806,SRF
534680,SRGHFL
532842,SRHHYPOLTD
514442,SRIKPRIND
544158,SRM
544716,SRTL
544230,SSDL
513262,SSWL
544342,STALLION
544202,STANLEY
532531,STAR
540575,STARCEMENT
543412,STARHEALTH
516022,STARPAPER
512381,STARTECK
512531,STCINDIA
544914,STEAMHOUSE
513517,STEELCAS
534748,STEELXIND
533316,STEL
530759,STERTOOLS
544395,STLNETWORK
513173,STLSTRINF
532374,STLTECH
543260,STOVEKRAFT
544599,STUDDS
544533,STYL
526951,STYLAMIND
544243,STYLEBAAZA
506222,STYRENIX
532348,SUBEXLTD
517168,SUBROS
506390,SUDARCOLOR
506655,SUDARSCHEM
544619,SUDEEPPHRM
524542,SUKHJITS
543711,SULA
530419,SUMEDHA
514211,SUMEETINDS
542920,SUMICHEM
533306,SUMMITSEC
544066,SUNCLAY
533166,SUNDARAM
590071,SUNDARMFIN
590072,SUNDRMBRAK
500403,SUNDRMFAST
500215,SUNDROP
500404,SUNFLAG
537253,SUNLOC
524715,SUNPHARMA
539300,SUNRAKSHAK
530845,SUNSHIEL
544881,SUNSHINE
512179,SUNTECK
532733,SUNTV
523283,SUPERHOUSE
521180,SUPERSPIN
532509,SUPRAJIT
530677,SUPREME
509930,SUPREMEIND
532904,SUPREMEINF
543434,SUPRIYA
523842,SUPTANERY
544054,SURAJEST
531638,SURAJLTD
544293,SURAKSHA
533298,SURANASOL
517530,SURANAT&P
514138,SURYALA
521200,SURYALAXMI
500336,SURYAROSNI
543279,SURYODAY
532782,SUTLEJTEX
530239,SUVEN
543281,SUVIDHAA
537259,SUYOG
532667,SUZLON
535621,SVGLOBAL
505590,SVPGLOB
503310,SWANCORP
533107,SWANDEF
544861,SWARAJ
500407,SWARAJENG
526365,SWARNSAR
532051,SWELECTES
544285,SWIGGY
523558,SWISSMLTRY
542760,SWSOLAR
544889,SYMBIOTEC
517385,SYMPHONY
524470,SYNCOMF
539268,SYNGENE
543573,SYRMA
526506,SYSTMTXC
539956,TAALTECH
507785,TAINWALCHM
532390,TAJGVK
532890,TAKE
505160,TALBROAUTO
533170,TAMBOLIIN
522229,TANAA
532790,TANLA
533203,TARAPUR
543249,TARC
532928,TARIL
532869,TARMAT
543399,TARSONS
519091,TASTYBITE
544574,TATACAP
500770,TATACHEM
500483,TATACOMM
500800,TATACONSUM
500408,TATAELXSI
501301,TATAINVEST
500400,TATAPOWER
500470,TATASTEEL
544028,TATATECH
543321,TATVA
544174,TBOTEK
534369,TBZ
512038,TCC
532349,TCI
540212,TCIEXP
501242,TCIFINANCE
523301,TCPLPACK
532540,TCS
533553,TDPOWERSYS
511559,TEAMGTY
539658,TEAMLEASE
532755,TECHM
544864,TECHNOCRAF
542141,TECHNOE
501421,TECHNVISN
506680,TECILCHEM
543413,TEGA
540595,TEJASNET
544886,TEMPSENS
544612,TENNIND
530533,TERAI
533982,TERASOFT
505400,TEXINFRA
533164,TEXMOPIPES
533326,TEXRAIL
526650,TFCILTD
532812,TFL
532845,TGBHOTELS
507753,TGVSL
509945,THACKER
526654,THAKDEV
533158,THANGAMAYL
530023,THEINVEST
544408,THELEELA
530199,THEMISMED
500411,THERMAX
500413,THOMASCOOK
533941,THOMASCOTT
539871,THYROCARE
507205,TI
532738,TICL
536264,TIGERLOGS
532804,TIIL
540762,TIINDIA
533629,TIJARIA
505196,TIL
532856,TIMETECHNO
500414,TIMEX
522113,TIMKEN
530475,TINNARUBR
543614,TIPSFILMS
532375,TIPSMUSIC
500412,TIRUMALCHM
532966,TITAGARH
500114,TITAN
543596,TMB
544569,TMCV
500570,TMPV
500777,TNPETRO
531426,TNPL
523419,TNTELE
500418,TOKYOPLAST
544254,TOLINS
500420,TORNTPHARM
532779,TORNTPOWER
538607,TOYAMSL
533048,TPHQ
526582,TPLPLASTEH
543638,TRACXN
532410,TRANSCOR
506687,TRANSPEK
544317,TRANSRAILL
520151,TRANSWORLD
544443,TRAVELFOOD
533540,TREEHOUSE
542233,TREJHARA
543955,TREL
500251,TRENT
505854,TRF
521064,TRIDENT
517562,TRIGYN
505978,TRITONV
533655,TRITURBINE
532356,TRIVENI
540268,TRU
544545,TRUALT
507747,TTKHLTCARE
517506,TTKPRESTIG
514142,TTL
532371,TTML
544799,TURTLEMINT
506808,TUTIALKA
532513,TVSELECT
520056,TVSHLTD
532343,TVSMOTOR
543965,TVSSCS
509243,TVSSRICHAK
532515,TVTODAY
540083,TVVISION
532478,UBL
500464,UCAL
532505,UCOBANK
539518,UDAYJEW
543996,UDS
533644,UEL
543283,UFBL
500148,UFLEX
539141,UFO
530363,UGARSUGAR
511742,UGROCAP
542904,UJJIVANSFB
532538,ULTRACEMCO
506685,ULTRAMAR
543513,UMAEXPORTS
532398,UMESLTD
532376,UMIYA-MRO
506690,UNICHEMLAB
522014,UNIDT
544227,UNIECOM
500429,UNIENTER
544322,UNIMECH
532477,UNIONBANK
543689,UNIPARTS
532432,UNITDSPR
507878,UNITECH
544756,UNITEDPOLY
504212,UNIVCABLES
542933,UNIVPHOTO
532539,UNOMINDA
509960,UPHOT
512070,UPL
543930,URAVIDEF
544515,URBANCO
526987,URJA
517146,USHAMART
543861,USK
543238,UTIAMC
543942,UTKARSHBNK
544613,UTLSOLAR
532729,UTTAMSUGAR
530579,UYFINCORP
532867,V2RETAIL
519156,VADILALIND
519152,VADILENT
532156,VAIBHAVGBL
511431,VAKRANGEE
543998,VALIANTLAB
540145,VALIANTORG
544780,VAML
514175,VARDMNPOLY
541578,VARROC
533156,VASCONEQ
538092,VASUPRADA
533576,VASWANI
540180,VBL
533056,VEDAVAAG
500295,VEDL
544781,VEDPOWER
590005,VEEDOL
544923,VEEGALAND
505232,VELJAN
523261,VENKEYS
544321,VENTIVE
543528,VENUSPIPES
526953,VENUSREM
543514,VERANDA
520113,VESUVIUS
539331,VETO
538732,VGCL
514274,VGL
532953,VGUARD
500439,VHL
523796,VHLTD
531717,VIDHIING
544633,VIDYAWIRES
543350,VIJAYA
537820,VIJIFIN
531069,VIJSOLX
530961,VIKASECO
542655,VIKASLIFE
544488,VIKRAMSOLR
544496,VIKRAN
524394,VIMTALABS
524200,VINATIORGA
538920,VINCOFE
517015,VINDHYATEL
543298,VINEETLAB
543670,VINNY
524129,VINYLINDIA
532613,VIPCLOTHNG
507880,VIPIND
511726,VIPULLTD
530521,VIRAT
532372,VIRINCHI
534741,VIRTUALG
532721,VISACHROME
509055,VISAKAIND
538598,VISHAL
516072,VISHNU
542852,VISHWARAJ
544784,VISL
506146,VIVIDHA
532660,VIVIMEDLAB
511509,VIVOBIOT
512529,VIYASH
543958,VLEGOV
511333,VLSFINANCE
534976,VMART
544307,VMM
544521,VMSTMT
543597,VOEPL
544782,VOGL
522122,VOITHPAPR
532757,VOLTAMP
500575,VOLTAS
543974,VPRPL
544204,VRAJ
539118,VRLLOG
534392,VSSL
509966,VSTIND
544124,VSTL
531266,VSTTILLERS
502986,VTL
532893,VTMLTD
544277,WAAREEENER
533257,WAAREEINDO
534618,WAAREERTL
533269,WABAG
544642,WAKEFIT
507410,WALCHANNAG
524212,WANBURY
538970,WARDINMOBI
523660,WATERBASE
544258,WCIL
544536,WEALTH
517498,WEBELSOLAR
523011,WEIZMANIND
543449,WEL
532144,WELCORP
532553,WELENT
533252,WELINV
500365,WELSPLSOL
514162,WELSPUNLIV
505412,WENDT
505533,WESTLIFE
543535,WEWIN
544570,WEWORK
501391,WHBRADY
590073,WHEELS
500238,WHIRLPOOL
519224,WILLAMAGOR
543329,WINDLAS
522029,WINDMACHIN
507685,WIPRO
532300,WOCKPHARMA
538268,WONDERLA
544577,WORTHPERI
505872,WPIL
504220,WSI
500444,WSTCSTPAPR
532616,XCHANGING
542367,XELPMOC
590013,XPROINDIA
531225,XTGLOBAL
544838,XTRANET
541167,YASHO
543950,YATHARTH
543992,YATRA
532648,YESBANK
511702,YOGI
522108,YUKEN
543985,ZAGGLE
505537,ZEEL
533287,ZEELEARN
532794,ZEEMEDIA
512553,ZENITHEXPO
531845,ZENITHSTL
504067,ZENSARTECH
533339,ZENTEC
533023,ZFCVINDIA
505163,ZFSTEERING
541400,ZIMLAB
543416,ZODIAC
521163,ZODIACLOTH
512020,ZSARACOM
534742,ZUARI
500780,ZUARIIND
532321,ZYDUSLIFE
531335,ZYDUSWELL
